Date,Open,High,Low,Close
01/11/2022,33.9,33.9,33.9,33.9
02/11/2022,33.41,33.41,33.41,33.41
03/11/2022,32.99,32.99,32.99,32.99
04/11/2022,32.72,32.72,32.72,32.72
07/11/2022,32.59,32.59,32.59,32.59
08/11/2022,32.67,32.67,32.67,32.67
09/11/2022,32.48,32.48,32.48,32.48
10/11/2022,32.34,32.34,32.34,32.34
11/11/2022,32.28,32.28,32.28,32.28
14/11/2022,32.09,32.09,32.09,32.09
15/11/2022,32.11,32.11,32.11,32.11
16/11/2022,32.46,32.46,32.46,32.46
17/11/2022,32.45,32.45,32.45,32.45
18/11/2022,32.12,32.12,32.12,32.12
21/11/2022,32.02,32.02,32.02,32.02
22/11/2022,32.07,32.07,32.07,32.07
23/11/2022,31.27,31.27,31.27,31.27
24/11/2022,31.27,31.27,31.27,31.27
25/11/2022,31.21,31.21,31.21,31.21
28/11/2022,30.35,30.35,30.35,30.35
29/11/2022,30.38,30.38,30.38,30.38
30/11/2022,30.79,30.79,30.79,30.79
01/12/2022,31.34,31.34,31.34,31.34
02/12/2022,31.33,31.33,31.33,31.33
05/12/2022,31.43,31.43,31.43,31.43
06/12/2022,31.3,31.45,31.3,31.45
07/12/2022,31.55,31.55,31.55,31.55
08/12/2022,31.43,31.43,31.43,31.43
09/12/2022,31.81,31.81,31.81,31.81
12/12/2022,31.98,31.98,31.98,31.98
13/12/2022,32.02,32.02,32.02,32.02
14/12/2022,31.65,32.17,31.65,32.17
15/12/2022,32.27,32.27,32.27,32.27
16/12/2022,32.23,32.23,32.23,32.23
19/12/2022,32.12,32.18,32.05,32.18
20/12/2022,32.42,32.42,32.42,32.42
21/12/2022,32.41,32.41,32.41,32.41
22/12/2022,32.47,32.47,32.47,32.47
23/12/2022,32.46,32.46,32.46,32.46
27/12/2022,33,33,32.83,32.83
28/12/2022,32.05,32.05,32.05,32.05
29/12/2022,32.3,32.3,32.3,32.3
30/12/2022,32.49,32.49,32.42,32.42
02/01/2023,32.42,32.42,32.42,32.42
03/01/2023,31.77,31.77,31.77,31.77
04/01/2023,31.44,31.44,31.44,31.44
05/01/2023,31.43,31.43,31.43,31.43
06/01/2023,31.58,31.58,31.58,31.58
09/01/2023,31.95,31.95,31.95,31.95
10/01/2023,31.84,31.84,31.84,31.84
11/01/2023,31.92,31.92,31.92,31.92
12/01/2023,32.22,32.22,32.22,32.22
13/01/2023,32.32,32.32,32.32,32.32
16/01/2023,32.32,32.32,32.32,32.32
17/01/2023,32.61,32.61,32.61,32.61
18/01/2023,32.39,32.39,32.39,32.39
19/01/2023,32.36,32.36,32.36,32.36
20/01/2023,32.33,32.33,32.33,32.33
23/01/2023,32.2,32.2,32.2,32.2
24/01/2023,32.16,32.16,32.16,32.16
25/01/2023,31.95,31.95,31.82,31.89
26/01/2023,31.95,31.95,31.95,31.95
27/01/2023,31.92,31.92,31.74,31.74
30/01/2023,31.7,31.7,31.47,31.47
31/01/2023,31.3,31.3,31.3,31.3
01/02/2023,31.25,31.34,31.25,31.34
02/02/2023,31.8,31.8,31.79,31.79
03/02/2023,31.82,31.94,31.82,31.94
06/02/2023,31.76,31.76,31.76,31.76
07/02/2023,31.61,31.61,31.61,31.61
08/02/2023,31.7,31.74,31.58,31.58
09/02/2023,31.5,31.5,31.43,31.43
10/02/2023,31.43,31.43,31.43,31.43
13/02/2023,31.46,31.46,31.46,31.46
14/02/2023,31.47,31.47,31.47,31.47
15/02/2023,31.42,31.42,31.42,31.42
16/02/2023,31.6,31.6,31.57,31.57
17/02/2023,31.63,31.63,31.63,31.63
20/02/2023,31.63,31.63,31.63,31.63
21/02/2023,31.52,31.52,31.52,31.52
22/02/2023,31.39,31.39,31.39,31.39
23/02/2023,31.91,31.91,31.91,31.91
24/02/2023,31.78,31.78,31.78,31.78
27/02/2023,32.05,32.05,32.05,32.05
28/02/2023,32.18,32.18,32.02,32.02
01/03/2023,32.55,32.55,32.55,32.55
02/03/2023,33.36,33.36,33.36,33.36
03/03/2023,33.3,33.32,33.3,33.32
06/03/2023,33.06,33.06,33.06,33.06
07/03/2023,32.7,32.87,32.7,32.87
08/03/2023,33.05,33.05,33.05,33.05
09/03/2023,33.25,33.54,33.25,33.54
10/03/2023,33.64,33.78,33.3,33.3
13/03/2023,32.65,32.69,32.6,32.69
14/03/2023,32.84,32.84,32.84,32.84
15/03/2023,32.46,32.46,32.46,32.46
16/03/2023,32.38,32.38,32.37,32.37
17/03/2023,32.18,32.18,32.18,32.18
20/03/2023,32.39,32.39,32.39,32.39
21/03/2023,32.69,32.69,32.69,32.69
22/03/2023,32.66,32.66,32.66,32.66
23/03/2023,32.8,32.8,32.8,32.8
24/03/2023,32.72,32.72,32.72,32.72
27/03/2023,32.85,32.85,32.85,32.85
28/03/2023,32.76,32.9,32.65,32.9
29/03/2023,33.12,33.12,33.12,33.12
30/03/2023,33.15,33.15,33.01,33.01
31/03/2023,33.11,33.11,33.11,33.11
03/04/2023,33.25,33.25,33.25,33.25
04/04/2023,33.19,33.19,33.08,33.09
05/04/2023,33.09,33.09,32.91,32.91
06/04/2023,33,33,33,33
10/04/2023,32.99,32.99,32.99,32.99
11/04/2023,33.03,33.03,33.03,33.03
12/04/2023,33.22,33.22,33.22,33.22
13/04/2023,33.53,33.53,33.53,33.53
14/04/2023,33.8,33.8,33.75,33.75
17/04/2023,34,34.19,34,34.19
18/04/2023,34.23,34.23,34.23,34.23
19/04/2023,34.19,34.19,34.19,34.19
20/04/2023,34.15,34.15,34.15,34.15
21/04/2023,34.19,34.19,34.11,34.11
24/04/2023,33.95,34.05,33.95,34.04
25/04/2023,34.03,34.03,33.95,33.95
26/04/2023,33.91,34.04,33.84,34.04
27/04/2023,34.03,34.35,34.03,34.35
28/04/2023,34.35,34.35,34.15,34.17
01/05/2023,34.05,34.17,34.05,34.1
02/05/2023,34.13,34.13,33.98,34.09
03/05/2023,33.82,33.87,33.82,33.87
04/05/2023,33.69,33.69,33.55,33.57
05/05/2023,33.4,33.43,33.4,33.43
08/05/2023,33.33,33.38,33.33,33.38
09/05/2023,33.45,33.45,33.45,33.45
10/05/2023,33.65,33.65,33.65,33.65
11/05/2023,33.67,33.67,33.63,33.63
12/05/2023,33.55,33.59,33.55,33.59
15/05/2023,33.61,33.61,33.5,33.59
16/05/2023,33.53,33.53,33.47,33.51
17/05/2023,33.52,33.55,33.52,33.55
18/05/2023,33.8,33.8,33.78,33.78
19/05/2023,33.8,33.8,33.8,33.8
22/05/2023,33.86,33.86,33.86,33.86
23/05/2023,33.76,33.76,33.76,33.76
24/05/2023,33.89,33.89,33.89,33.89
25/05/2023,34,34,33.85,33.92
26/05/2023,34,34,34,34
29/05/2023,34,34,34,34
30/05/2023,34.17,34.17,34.17,34.17
31/05/2023,34,34.03,33.95,34.03
01/06/2023,33.94,33.94,33.94,33.94
02/06/2023,33.93,33.93,33.93,33.93
05/06/2023,33.77,33.77,33.77,33.77
06/06/2023,33.84,33.88,33.84,33.88
07/06/2023,34.03,34.03,34.03,34.03
08/06/2023,34.07,34.22,34.07,34.12
09/06/2023,34.48,34.55,34.48,34.55
12/06/2023,34.8,34.83,34.75,34.83
13/06/2023,35.07,35.15,34.96,34.96
14/06/2023,34.8,34.99,34.6,34.99
15/06/2023,35.4,35.4,35.4,35.4
16/06/2023,35.1,35.15,35.06,35.06
19/06/2023,35.06,35.06,35.06,35.06
20/06/2023,35.15,35.16,35.15,35.16
21/06/2023,35.48,35.48,35.48,35.48
22/06/2023,35.44,35.44,35.44,35.44
23/06/2023,35.4,35.4,35.4,35.4
26/06/2023,35.25,35.33,35.25,35.33
27/06/2023,35.32,35.32,35.32,35.32
28/06/2023,35.06,35.06,35.06,35.06
29/06/2023,35.1,35.1,35.1,35.1
30/06/2023,35.23,35.3,35.23,35.3
03/07/2023,35.34,35.34,35.34,35.34
04/07/2023,35.34,35.34,35.34,35.34
05/07/2023,35.37,35.37,35.37,35.37
06/07/2023,35.2,35.28,35.2,35.28
07/07/2023,35.23,35.23,35.23,35.23
10/07/2023,35.3,35.32,35.3,35.32
11/07/2023,35.14,35.14,35.14,35.14
12/07/2023,35.18,35.21,35.16,35.2
13/07/2023,35.5,36.23,35.5,36.23
14/07/2023,36.35,36.36,36.35,36.36
17/07/2023,36.47,36.84,36.47,36.84
18/07/2023,36.86,36.86,36.65,36.73
19/07/2023,36.8,37.01,36.8,37.01
20/07/2023,36.91,36.94,36.91,36.94
21/07/2023,36.87,36.87,36.87,36.87
24/07/2023,36.7,36.7,36.47,36.56
25/07/2023,36.65,36.65,36.65,36.65
26/07/2023,37.01,38.25,37.01,37.57
27/07/2023,39.67,40.15,39,39
28/07/2023,38.64,39.03,38.64,39.03
31/07/2023,40.05,40.25,40.05,40.06
01/08/2023,39.53,39.53,39.5,39.51
02/08/2023,39.14,39.14,38.46,38.48
03/08/2023,38.47,38.47,38.47,38.47
04/08/2023,38.67,38.97,38.67,38.97
07/08/2023,39.29,39.52,39.29,39.52
08/08/2023,39.6,39.63,39.35,39.57
09/08/2023,39.7,39.75,39.4,39.46
10/08/2023,39.42,39.55,39.25,39.25
11/08/2023,38.77,39.01,38.77,38.9
14/08/2023,38.7,38.77,38.65,38.66
15/08/2023,38.5,38.58,38.45,38.57
16/08/2023,38.57,38.75,38.57,38.69
17/08/2023,38.85,38.85,38.82,38.82
18/08/2023,38.7,38.82,38.7,38.71
21/08/2023,38.69,38.7,38.69,38.69
22/08/2023,38.5,38.69,38.5,38.69
23/08/2023,39.57,39.85,39.57,39.65
24/08/2023,39.36,39.36,39.36,39.36
25/08/2023,39.25,39.25,39.25,39.25
28/08/2023,38.98,38.98,38.98,38.98
29/08/2023,39.04,39.31,39.04,39.31
30/08/2023,39.4,39.63,39.4,39.63
31/08/2023,39.75,39.85,39.7,39.76
01/09/2023,39.74,39.74,39.6,39.62
04/09/2023,39.62,39.62,39.62,39.62
05/09/2023,39.72,40,39.72,39.85
06/09/2023,40.15,40.15,39.95,39.95
07/09/2023,39.85,40.01,39.85,40.01
08/09/2023,40.1,40.2,40.06,40.06
11/09/2023,40.25,40.31,40.25,40.28
12/09/2023,40.45,40.45,40.39,40.41
13/09/2023,40.35,40.43,40.35,40.43
14/09/2023,40.5,40.57,40.5,40.52
15/09/2023,40.36,40.37,40.32,40.32
18/09/2023,39.95,40.35,39.95,40.02
19/09/2023,40.6,40.6,40.1,40.15
20/09/2023,40.2,40.25,40.2,40.25
21/09/2023,40.15,40.2,40.15,40.17
22/09/2023,40.34,40.34,40.23,40.28
25/09/2023,40.18,40.18,40.02,40.03
26/09/2023,39.84,39.84,39.72,39.79
27/09/2023,39.8,39.8,39.59,39.65
28/09/2023,39.5,39.51,39.38,39.42
29/09/2023,39.6,39.6,39.15,39.56
02/10/2023,39.85,39.85,39.62,39.64
03/10/2023,39.65,39.75,39.63,39.75
04/10/2023,39.72,39.74,39.42,39.52
05/10/2023,39.6,39.75,39.45,39.6
06/10/2023,39.75,39.75,39.7,39.7
09/10/2023,39.7,39.7,39.57,39.57
10/10/2023,39.51,39.51,39.22,39.22
11/10/2023,39.38,39.38,38.89,39.18
12/10/2023,39.18,39.18,39.13,39.13
13/10/2023,39.08,39.15,39.05,39.1
16/10/2023,39.18,39.18,39.05,39.1
17/10/2023,39.1,39.1,38.92,39.03
18/10/2023,39.15,39.23,39.14,39.14
19/10/2023,39.29,39.4,39.29,39.39
20/10/2023,39.35,39.6,39.35,39.6
23/10/2023,39.65,39.69,39.54,39.66
24/10/2023,39.7,40.25,39.7,39.85
25/10/2023,40.6,40.6,40.35,40.46
26/10/2023,40.54,40.7,40.53,40.67
27/10/2023,40.7,40.9,40.69,40.72
30/10/2023,40.8,41,40.8,40.98
31/10/2023,41.1,41.17,40.85,40.85
01/11/2023,40.76,40.91,40.75,40.91
02/11/2023,40.99,41.64,40.99,41.37
03/11/2023,41.75,41.81,41.54,41.66
06/11/2023,41.6,41.6,41.48,41.55
07/11/2023,41.6,41.6,41.32,41.38
08/11/2023,41.38,41.39,41.12,41.24
09/11/2023,41.21,41.21,40.99,41.17
10/11/2023,41.1,41.22,41,41.22
13/11/2023,41.17,41.28,41.17,41.25
14/11/2023,41.36,41.45,41.21,41.34
15/11/2023,41.34,42.25,41.3,41.53
16/11/2023,41.85,42.12,41.73,41.97
17/11/2023,42.06,42.07,41.93,41.95
20/11/2023,41.93,41.93,41.55,41.57
21/11/2023,41.62,41.64,41.39,41.53
22/11/2023,41.64,42.43,41.52,41.94
23/11/2023,41.94,41.94,41.94,41.94
24/11/2023,41.95,41.95,41.8,41.81
27/11/2023,41.8,41.9,41.71,41.82
28/11/2023,41.84,41.84,41.75,41.75
29/11/2023,41.55,41.65,41.55,41.62
30/11/2023,41.62,41.62,41.36,41.41
01/12/2023,41.45,41.6,41.45,41.56
04/12/2023,41.7,41.7,41.55,41.63
05/12/2023,41.7,41.77,41.63,41.77
06/12/2023,41.62,41.79,41.5,41.59
07/12/2023,41.51,41.65,41.44,41.65
08/12/2023,41.79,41.9,41.79,41.9
11/12/2023,41.92,42.2,41.92,42.1
12/12/2023,42.2,42.2,41.99,42.15
13/12/2023,42.21,42.33,42.21,42.25
14/12/2023,42.37,42.52,42.25,42.3
15/12/2023,42.37,42.37,41.95,42.01
18/12/2023,41.95,42.14,41.88,42.08
19/12/2023,42.08,42.08,41.65,41.73
20/12/2023,41.7,41.92,41.61,41.71
21/12/2023,41.85,41.9,41.7,41.83
22/12/2023,41.86,42.14,41.8,42.12
26/12/2023,42.25,42.35,42.2,42.24
27/12/2023,42.24,42.35,42.24,42.33
28/12/2023,42.3,42.37,42.25,42.31
29/12/2023,42.3,42.39,42.15,42.32
02/01/2024,42.15,42.35,42.1,42.15
03/01/2024,42.08,42.25,41.88,42.2
04/01/2024,42.2,42.65,42.14,42.56
05/01/2024,42.55,42.87,42.5,42.79
08/01/2024,42.75,43.39,42.75,43.36
09/01/2024,43.3,43.6,43.15,43.45
10/01/2024,43.45,43.6,43.27,43.35
11/01/2024,43.35,43.35,43.05,43.13
12/01/2024,43,43.15,42.75,42.97
15/01/2024,42.97,42.97,42.97,42.97
16/01/2024,42.9,43.43,42.88,43.33
17/01/2024,43.4,43.84,43.4,43.61
18/01/2024,43.56,43.61,43.45,43.53
19/01/2024,43.5,43.82,43.48,43.78
22/01/2024,43.88,43.88,43.5,43.5
23/01/2024,43.6,43.6,43.16,43.21
24/01/2024,43.31,43.5,43.3,43.4
25/01/2024,43.3,43.47,43.16,43.45
26/01/2024,43.35,43.65,43.35,43.63
29/01/2024,43.6,43.69,43.55,43.65
30/01/2024,43.68,43.7,43.46,43.5
31/01/2024,43.5,43.65,43.39,43.46
01/02/2024,43.4,43.8,43.4,43.78
02/02/2024,43.93,43.93,43.83,43.9
05/02/2024,44,44,43.87,43.96
06/02/2024,43.98,43.98,43.62,43.73
07/02/2024,43.62,43.75,43.4,43.51
08/02/2024,43.51,43.59,43.32,43.34
09/02/2024,43.2,43.35,43.2,43.31
12/02/2024,43.25,43.4,43.17,43.2
13/02/2024,43.17,43.18,42.95,42.99
14/02/2024,42.95,43.1,42.8,43.09
15/02/2024,43,43.1,42.96,43.01
16/02/2024,43.01,43.01,42.77,42.8
19/02/2024,42.8,42.8,42.8,42.8
20/02/2024,42.58,42.64,42.5,42.61
21/02/2024,42.5,42.75,42.49,42.55
22/02/2024,42.5,43.95,42.5,43.23
23/02/2024,43.3,43.3,43.1,43.1
26/02/2024,43.2,43.3,42.4,42.55
27/02/2024,42.4,42.5,41.15,41.83
28/02/2024,41.88,42.35,41.88,42.17
29/02/2024,42.28,42.6,42,42.51
01/03/2024,42.68,42.75,42.33,42.71
04/03/2024,42.6,42.62,42.2,42.38
05/03/2024,42.5,42.75,42.21,42.31
06/03/2024,42.2,42.21,41.63,41.81
07/03/2024,41.84,41.9,41.7,41.8
08/03/2024,41.9,41.9,41.48,41.52
11/03/2024,41.45,41.45,41,41.21
12/03/2024,41.25,41.25,40.5,40.84
13/03/2024,40.59,40.6,37.5,37.8
14/03/2024,37.74,39.5,35,39.07
15/03/2024,39.05,41,39.05,39.77
18/03/2024,39.77,40,39.45,39.61
19/03/2024,39.45,40.1,39.25,39.92
20/03/2024,40,41.09,40,40.75
21/03/2024,40.99,41.5,40.99,41.42
22/03/2024,41.5,41.5,40.95,41.02
25/03/2024,41,41,39,39.95
26/03/2024,39.75,39.75,38.45,38.86
27/03/2024,39.2,39.48,38.62,39.2
28/03/2024,39.2,39.9,39.15,39.81
01/04/2024,39.75,40.56,39.6,40.17
02/04/2024,40,40.3,39.75,40.17
03/04/2024,40.2,40.5,39.9,39.95
04/04/2024,40,40,39.3,39.59
05/04/2024,39.69,39.69,39.02,39.24
08/04/2024,39.12,39.28,38.55,38.77
09/04/2024,39.89,40.5,39,40.08
10/04/2024,40,40.1,39.58,39.91
11/04/2024,40,40.6,39.97,40.18
12/04/2024,40.18,40.7,40.17,40.39
15/04/2024,40.52,40.55,40.1,40.17
16/04/2024,40.2,40.2,39.75,39.97
17/04/2024,39.8,40.14,39.7,40.05
18/04/2024,40,40.09,39.94,40.02
19/04/2024,40.1,40.28,40.1,40.25
22/04/2024,40.15,40.45,39.6,39.98
23/04/2024,39.55,40,38.1,39.75
24/04/2024,39.75,39.8,39.25,39.42
25/04/2024,39.4,39.6,38.55,39.45
26/04/2024,39.3,39.45,39.15,39.37
29/04/2024,39.15,39.2,38.8,39.19
30/04/2024,39.2,39.2,38.75,39
01/05/2024,38.85,39.05,38.7,39
02/05/2024,39.18,39.45,39.18,39.22
03/05/2024,39.4,39.55,39.25,39.45
06/05/2024,39.45,40.18,39.45,40.16
07/05/2024,40.26,40.3,39.95,40.15
08/05/2024,40.04,40.1,39.75,40.06
09/05/2024,40.06,40.06,39.8,39.83
10/05/2024,39.77,39.77,39.35,39.5
13/05/2024,39.5,39.65,39.2,39.34
14/05/2024,39.26,39.39,39.21,39.39
15/05/2024,39.45,39.65,39.25,39.57
16/05/2024,39.45,40,39.4,39.96
17/05/2024,40.05,40.35,39.55,39.67
20/05/2024,39.85,40.2,39.85,40
21/05/2024,39.95,39.98,39.81,39.95
22/05/2024,40.01,40.3,39.95,40.12
23/05/2024,40.2,40.43,40.16,40.32
24/05/2024,40.32,40.55,40.29,40.54
27/05/2024,40.54,40.54,40.54,40.54
28/05/2024,40.6,40.64,40.47,40.62
29/05/2024,40.62,40.75,40.6,40.67
30/05/2024,40.65,40.75,38.7,39.16
31/05/2024,39.5,39.6,38.55,38.98
03/06/2024,39.05,39.05,37.6,37.87
04/06/2024,37.6,37.6,35.92,36.19
05/06/2024,36.1,36.89,35.5,35.92
06/06/2024,35.98,37.95,35.3,37.1
07/06/2024,37.1,37.86,36.9,37.05
10/06/2024,37.15,37.4,37,37.1
11/06/2024,37.19,37.19,36.64,36.76
12/06/2024,36.75,36.95,36.75,36.94
13/06/2024,36.8,36.9,36.61,36.78
14/06/2024,36.7,37,36.35,36.37
17/06/2024,36.11,36.9,35.75,36.65
18/06/2024,37,37.15,36.35,36.52
19/06/2024,36.47,36.52,36.12,36.52
20/06/2024,36.55,36.55,35.9,36.26
21/06/2024,36.26,36.26,35.4,35.71
24/06/2024,35.6,36.2,35.45,36.13
25/06/2024,36.3,36.75,36.2,36.68
26/06/2024,36.75,37.6,36.75,37.17
27/06/2024,37.3,37.85,37.3,37.75
28/06/2024,37.7,38,37.3,37.85
01/07/2024,37.9,38.1,37.85,38.08
02/07/2024,38.14,38.33,38.06,38.22
03/07/2024,38.3,38.3,38.12,38.2
04/07/2024,38.3,38.3,38.2,38.2
05/07/2024,38.2,38.37,38,38.07
08/07/2024,37.95,38.35,37.9,38.28
09/07/2024,38.3,39,36.75,37.71
10/07/2024,37.1,37.25,35.92,36.25
11/07/2024,36.45,36.85,35.8,36.05
12/07/2024,36.05,36.2,35.65,35.93
15/07/2024,35.8,35.8,35.26,35.37
16/07/2024,35,35,34.3,34.4
17/07/2024,34.31,35,33.4,34.47
18/07/2024,35.3,35.3,34.4,34.82
19/07/2024,35.05,35.05,34.65,34.81
22/07/2024,35.04,35.04,34.5,34.7
23/07/2024,34.71,34.8,34.52,34.72
24/07/2024,34.85,34.85,34.63,34.66
25/07/2024,34.7,34.7,34.21,34.27
26/07/2024,34.27,34.32,33.65,33.88
29/07/2024,33.65,33.65,33.25,33.33
30/07/2024,33.25,33.25,32.59,32.72
31/07/2024,32.8,34.22,31.95,33.95
01/08/2024,34.25,35.32,33.48,35.07
02/08/2024,35.18,35.41,34.25,34.34
05/08/2024,33.5,34.2,32.75,34.07
06/08/2024,34.15,34.58,33.7,34.49
07/08/2024,34.55,35.05,34.4,34.6
08/08/2024,34.6,34.6,33.88,34.1
09/08/2024,33.9,34,33.56,33.88
12/08/2024,33.8,33.8,33.3,33.55
13/08/2024,33.75,34,33.4,33.62
14/08/2024,33.65,33.65,33.34,33.49
15/08/2024,33.25,33.48,32.96,33.03
16/08/2024,32.95,33.1,32.8,32.87
19/08/2024,32.87,33,32.67,32.77
20/08/2024,32.75,32.8,32.55,32.6
21/08/2024,32.55,32.9,30.71,31.19
22/08/2024,31.5,32.8,31.5,32.5
23/08/2024,32.7,32.7,31.9,32.38
26/08/2024,32.55,33.55,32.55,33.42
27/08/2024,33.3,34.42,33.3,34.22
28/08/2024,34.2,34.4,34.11,34.22
29/08/2024,34.25,34.85,34.23,34.54
30/08/2024,34.8,35.19,34.55,35.01
02/09/2024,35.01,35.01,35.01,35.01
03/09/2024,35.2,35.78,35.05,35.46
04/09/2024,35.43,35.45,34.84,35
05/09/2024,35,35,34,34.45
06/09/2024,34.3,34.3,33.85,34
09/09/2024,34.1,34.93,33.95,34.85
10/09/2024,34.95,35.25,34.22,34.28
11/09/2024,34.49,34.66,34.01,34.54
12/09/2024,34.51,35.1,34.35,35
13/09/2024,35.1,35.7,34.95,35.6
16/09/2024,35.75,35.9,35.44,35.45
17/09/2024,35.52,35.59,35.3,35.57
18/09/2024,35.57,35.81,35.4,35.5
19/09/2024,35.3,35.7,35.3,35.6
20/09/2024,35.6,35.89,35.6,35.72
23/09/2024,35.78,36,35.71,35.91
24/09/2024,36,36,35.5,35.53
25/09/2024,35.53,35.53,35.1,35.4
26/09/2024,35.3,35.45,35.01,35.26
27/09/2024,35.26,35.95,35.12,35.91
30/09/2024,35.83,36.3,35.83,36.12
01/10/2024,36.05,36.34,35.84,35.92
02/10/2024,35.91,36.6,35.8,36.4
03/10/2024,36.71,37.2,36.55,36.67
04/10/2024,36.5,37.1,36.5,37.06
07/10/2024,37.05,37.5,37.04,37.15
08/10/2024,37.1,37.75,37.1,37.51
09/10/2024,37.4,37.45,36.81,36.92
10/10/2024,36.8,36.9,36.29,36.65
11/10/2024,36.65,36.97,36.65,36.91
14/10/2024,37,37.5,37,37.24
15/10/2024,37.4,38.65,37.3,38.34
16/10/2024,38.75,39.03,38,38.68
17/10/2024,38.1,38.55,37.85,38.33
18/10/2024,38.35,38.95,38.1,38.84
21/10/2024,38.9,39,38.4,38.51
22/10/2024,38.4,38.53,37.36,37.49
23/10/2024,37.31,37.5,36.96,37.24
24/10/2024,37.1,37.1,36.57,36.67
25/10/2024,36.68,37.19,36.61,37.09
28/10/2024,37.29,37.44,36.85,36.99
29/10/2024,37,37.24,36.81,37.01
30/10/2024,37.15,37.53,37.1,37.38
31/10/2024,37.54,37.97,37.41,37.87
01/11/2024,38.49,38.49,37.9,37.93
04/11/2024,38,38.2,37.31,37.43
05/11/2024,37.43,37.43,36.96,37.22
06/11/2024,37.24,38.3,37.24,38.01
07/11/2024,38.25,38.62,38.05,38.44
08/11/2024,38.59,38.64,38.44,38.49
11/11/2024,38.79,38.83,38.62,38.69
12/11/2024,38.75,38.78,37,37.26
13/11/2024,37.26,37.26,35.95,36.66
14/11/2024,36.5,36.5,34.46,34.51
15/11/2024,34.13,35,33.91,34.16
18/11/2024,34.15,34.52,34,34.19
19/11/2024,34.27,34.27,33.78,34.01
20/11/2024,34.15,34.15,33.14,33.41
21/11/2024,33.53,33.7,32.9,33.19
22/11/2024,33.15,33.58,32.75,33.49
25/11/2024,33.31,33.72,33.31,33.56
26/11/2024,33.55,34.75,33.55,33.94
27/11/2024,33.94,34.01,32.19,33.89
28/11/2024,34,34.05,33.8,33.89
29/11/2024,34.04,34.46,34.04,34.23
02/12/2024,34.5,34.5,33.87,34.11
03/12/2024,34.33,34.33,33.25,33.77
04/12/2024,33.6,33.67,32.5,32.65
05/12/2024,32.75,32.75,31.75,31.86
06/12/2024,32,33.1,32,32.93
09/12/2024,33.15,33.48,32.85,33
10/12/2024,33.05,33.4,32.85,33.28
11/12/2024,33.36,33.4,33.08,33.16
12/12/2024,33.45,34.2,33.35,33.94
13/12/2024,34.37,34.63,33.82,33.93
16/12/2024,34,34.3,33.92,34.01
17/12/2024,34.11,35.09,34.05,34.6
